Step,AgentID,Cause,Event,State
0,0,-100,Event.NOTHING,State.INFECTED
0,1,-100,Event.NOTHING,State.INFECTED
0,2,-100,Event.NOTHING,State.HEALTHY
0,3,-100,Event.NOTHING,State.HEALTHY
0,4,-100,Event.NOTHING,State.HEALTHY
0,5,-100,Event.NOTHING,State.HEALTHY
0,6,-100,Event.NOTHING,State.HEALTHY
0,7,-100,Event.NOTHING,State.HEALTHY
0,8,-100,Event.NOTHING,State.HEALTHY
0,9,-100,Event.NOTHING,State.HEALTHY
1,0,-100,Event.NOTHING,State.INFECTED
1,1,-100,Event.NOTHING,State.INFECTED
1,2,-100,Event.NOTHING,State.HEALTHY
1,3,-100,Event.NOTHING,State.HEALTHY
1,4,-100,Event.NOTHING,State.HEALTHY
1,5,-100,Event.NOTHING,State.HEALTHY
1,6,-100,Event.NOTHING,State.HEALTHY
1,7,-100,Event.NOTHING,State.HEALTHY
1,8,-100,Event.NOTHING,State.HEALTHY
1,9,-100,Event.NOTHING,State.HEALTHY
2,0,-100,Event.NOTHING,State.INFECTED
2,1,-100,Event.NOTHING,State.INFECTED
2,2,-100,Event.NOTHING,State.HEALTHY
2,3,-100,Event.NOTHING,State.HEALTHY
2,4,-100,Event.NOTHING,State.HEALTHY
2,5,-100,Event.NOTHING,State.HEALTHY
2,6,-100,Event.NOTHING,State.HEALTHY
2,7,-100,Event.NOTHING,State.HEALTHY
2,8,-100,Event.NOTHING,State.HEALTHY
2,9,-100,Event.NOTHING,State.HEALTHY
3,0,-100,Event.NOTHING,State.INFECTED
3,1,-100,Event.NOTHING,State.INFECTED
3,2,-100,Event.NOTHING,State.HEALTHY
3,3,-100,Event.NOTHING,State.HEALTHY
3,4,-100,Event.NOTHING,State.HEALTHY
3,5,-100,Event.NOTHING,State.HEALTHY
3,6,-100,Event.NOTHING,State.HEALTHY
3,7,-100,Event.NOTHING,State.HEALTHY
3,8,-100,Event.NOTHING,State.HEALTHY
3,9,-100,Event.NOTHING,State.HEALTHY
4,0,-100,Event.NOTHING,State.INFECTED
4,1,-100,Event.NOTHING,State.INFECTED
4,2,-100,Event.NOTHING,State.HEALTHY
4,3,-100,Event.NOTHING,State.HEALTHY
4,4,-100,Event.NOTHING,State.HEALTHY
4,5,-100,Event.NOTHING,State.HEALTHY
4,6,-100,Event.NOTHING,State.HEALTHY
4,7,-100,Event.NOTHING,State.HEALTHY
4,8,-100,Event.NOTHING,State.HEALTHY
4,9,-100,Event.NOTHING,State.HEALTHY
5,0,-100,Event.NOTHING,State.INFECTED
5,1,-100,Event.NOTHING,State.INFECTED
5,2,-100,Event.NOTHING,State.HEALTHY
5,3,-100,Event.NOTHING,State.HEALTHY
5,4,-100,Event.NOTHING,State.HEALTHY
5,5,-100,Event.NOTHING,State.HEALTHY
5,6,-100,Event.NOTHING,State.HEALTHY
5,7,-100,Event.NOTHING,State.HEALTHY
5,8,-100,Event.NOTHING,State.HEALTHY
5,9,-100,Event.NOTHING,State.HEALTHY
6,0,-100,Event.NOTHING,State.INFECTED
6,1,-100,Event.NOTHING,State.INFECTED
6,2,-100,Event.NOTHING,State.HEALTHY
6,3,-100,Event.NOTHING,State.HEALTHY
6,4,-100,Event.NOTHING,State.HEALTHY
6,5,-100,Event.NOTHING,State.HEALTHY
6,6,-100,Event.NOTHING,State.HEALTHY
6,7,-100,Event.NOTHING,State.HEALTHY
6,8,-100,Event.NOTHING,State.HEALTHY
6,9,-100,Event.NOTHING,State.HEALTHY
7,0,-100,Event.NOTHING,State.INFECTED
7,1,-100,Event.NOTHING,State.INFECTED
7,2,-100,Event.NOTHING,State.HEALTHY
7,3,-100,Event.NOTHING,State.HEALTHY
7,4,-100,Event.NOTHING,State.HEALTHY
7,5,-100,Event.NOTHING,State.HEALTHY
7,6,-100,Event.NOTHING,State.HEALTHY
7,7,-100,Event.NOTHING,State.HEALTHY
7,8,-100,Event.NOTHING,State.HEALTHY
7,9,-100,Event.NOTHING,State.HEALTHY
8,0,-100,Event.NOTHING,State.INFECTED
8,1,-100,Event.NOTHING,State.INFECTED
8,2,-100,Event.NOTHING,State.HEALTHY
8,3,-100,Event.NOTHING,State.HEALTHY
8,4,-100,Event.NOTHING,State.HEALTHY
8,5,-100,Event.NOTHING,State.HEALTHY
8,6,-100,Event.NOTHING,State.HEALTHY
8,7,-100,Event.NOTHING,State.HEALTHY
8,8,-100,Event.NOTHING,State.HEALTHY
8,9,-100,Event.NOTHING,State.HEALTHY
9,0,-100,Event.NOTHING,State.INFECTED
9,1,-100,Event.NOTHING,State.INFECTED
9,2,-100,Event.NOTHING,State.HEALTHY
9,3,-100,Event.NOTHING,State.HEALTHY
9,4,-100,Event.NOTHING,State.HEALTHY
9,5,-100,Event.NOTHING,State.HEALTHY
9,6,-100,Event.NOTHING,State.HEALTHY
9,7,-100,Event.NOTHING,State.HEALTHY
9,8,-100,Event.NOTHING,State.HEALTHY
9,9,-100,Event.NOTHING,State.HEALTHY
10,0,-100,Event.NOTHING,State.INFECTED
10,1,-100,Event.NOTHING,State.INFECTED
10,2,-100,Event.NOTHING,State.HEALTHY
10,3,-100,Event.NOTHING,State.HEALTHY
10,4,-100,Event.NOTHING,State.HEALTHY
10,5,-100,Event.NOTHING,State.HEALTHY
10,6,-100,Event.NOTHING,State.HEALTHY
10,7,-100,Event.NOTHING,State.HEALTHY
10,8,-100,Event.NOTHING,State.HEALTHY
10,9,-100,Event.NOTHING,State.HEALTHY
11,0,-100,Event.NOTHING,State.INFECTED
11,1,-100,Event.NOTHING,State.INFECTED
11,2,-100,Event.NOTHING,State.HEALTHY
11,3,-100,Event.NOTHING,State.HEALTHY
11,4,-100,Event.NOTHING,State.HEALTHY
11,5,-100,Event.NOTHING,State.HEALTHY
11,6,-100,Event.NOTHING,State.HEALTHY
11,7,-100,Event.NOTHING,State.HEALTHY
11,8,-100,Event.NOTHING,State.HEALTHY
11,9,-100,Event.NOTHING,State.HEALTHY
12,0,-100,Event.NOTHING,State.INFECTED
12,1,-100,Event.NOTHING,State.INFECTED
12,2,-100,Event.NOTHING,State.HEALTHY
12,3,-100,Event.NOTHING,State.HEALTHY
12,4,-100,Event.NOTHING,State.HEALTHY
12,5,-100,Event.NOTHING,State.HEALTHY
12,6,-100,Event.NOTHING,State.HEALTHY
12,7,-100,Event.NOTHING,State.HEALTHY
12,8,-100,Event.NOTHING,State.HEALTHY
12,9,-100,Event.NOTHING,State.HEALTHY
13,0,-100,Event.NOTHING,State.INFECTED
13,1,-100,Event.NOTHING,State.INFECTED
13,2,-100,Event.NOTHING,State.HEALTHY
13,3,-100,Event.NOTHING,State.HEALTHY
13,4,-100,Event.NOTHING,State.HEALTHY
13,5,-100,Event.NOTHING,State.HEALTHY
13,6,-100,Event.NOTHING,State.HEALTHY
13,7,-100,Event.NOTHING,State.HEALTHY
13,8,-100,Event.NOTHING,State.HEALTHY
13,9,-100,Event.NOTHING,State.HEALTHY
14,0,-100,Event.NOTHING,State.INFECTED
14,1,-100,Event.NOTHING,State.INFECTED
14,2,-100,Event.NOTHING,State.HEALTHY
14,3,-100,Event.NOTHING,State.HEALTHY
14,4,-100,Event.NOTHING,State.HEALTHY
14,5,-100,Event.NOTHING,State.HEALTHY
14,6,-100,Event.NOTHING,State.HEALTHY
14,7,-100,Event.NOTHING,State.HEALTHY
14,8,-100,Event.NOTHING,State.HEALTHY
14,9,-100,Event.NOTHING,State.HEALTHY
15,0,-100,Event.NOTHING,State.INFECTED
15,1,-100,Event.NOTHING,State.INFECTED
15,2,-100,Event.NOTHING,State.HEALTHY
15,3,-100,Event.NOTHING,State.HEALTHY
15,4,-100,Event.NOTHING,State.HEALTHY
15,5,-100,Event.NOTHING,State.HEALTHY
15,6,-100,Event.NOTHING,State.HEALTHY
15,7,-100,Event.NOTHING,State.HEALTHY
15,8,-100,Event.NOTHING,State.HEALTHY
15,9,-100,Event.NOTHING,State.HEALTHY
16,0,-100,Event.NOTHING,State.INFECTED
16,1,-100,Event.NOTHING,State.INFECTED
16,2,-100,Event.NOTHING,State.HEALTHY
16,3,-100,Event.NOTHING,State.HEALTHY
16,4,-100,Event.NOTHING,State.HEALTHY
16,5,-100,Event.NOTHING,State.HEALTHY
16,6,-100,Event.NOTHING,State.HEALTHY
16,7,-100,Event.NOTHING,State.HEALTHY
16,8,-100,Event.NOTHING,State.HEALTHY
16,9,-100,Event.NOTHING,State.HEALTHY
17,0,-100,Event.NOTHING,State.INFECTED
17,1,-100,Event.NOTHING,State.INFECTED
17,2,-100,Event.NOTHING,State.HEALTHY
17,3,1,Event.INFECT,State.INFECTED
17,4,-100,Event.NOTHING,State.HEALTHY
17,5,-100,Event.NOTHING,State.HEALTHY
17,6,-100,Event.NOTHING,State.HEALTHY
17,7,-100,Event.NOTHING,State.HEALTHY
17,8,-100,Event.NOTHING,State.HEALTHY
17,9,-100,Event.NOTHING,State.HEALTHY
18,0,-100,Event.NOTHING,State.INFECTED
18,1,-100,Event.NOTHING,State.INFECTED
18,2,-100,Event.NOTHING,State.HEALTHY
18,3,-100,Event.NOTHING,State.INFECTED
18,4,-100,Event.NOTHING,State.HEALTHY
18,5,-100,Event.NOTHING,State.HEALTHY
18,6,-100,Event.NOTHING,State.HEALTHY
18,7,-100,Event.NOTHING,State.HEALTHY
18,8,-100,Event.NOTHING,State.HEALTHY
18,9,-100,Event.NOTHING,State.HEALTHY
19,0,-100,Event.NOTHING,State.INFECTED
19,1,-100,Event.NOTHING,State.INFECTED
19,2,-100,Event.NOTHING,State.HEALTHY
19,3,-100,Event.NOTHING,State.INFECTED
19,4,-100,Event.NOTHING,State.HEALTHY
19,5,-100,Event.NOTHING,State.HEALTHY
19,6,-100,Event.NOTHING,State.HEALTHY
19,7,-100,Event.NOTHING,State.HEALTHY
19,8,-100,Event.NOTHING,State.HEALTHY
19,9,-100,Event.NOTHING,State.HEALTHY
20,0,-100,Event.NOTHING,State.INFECTED
20,1,-100,Event.NOTHING,State.INFECTED
20,2,-100,Event.NOTHING,State.HEALTHY
20,3,-100,Event.NOTHING,State.INFECTED
20,4,-100,Event.NOTHING,State.HEALTHY
20,5,-100,Event.NOTHING,State.HEALTHY
20,6,-100,Event.NOTHING,State.HEALTHY
20,7,-100,Event.NOTHING,State.HEALTHY
20,8,-100,Event.NOTHING,State.HEALTHY
20,9,-100,Event.NOTHING,State.HEALTHY
21,0,-100,Event.NOTHING,State.INFECTED
21,1,-100,Event.NOTHING,State.INFECTED
21,2,-100,Event.NOTHING,State.HEALTHY
21,3,-100,Event.NOTHING,State.INFECTED
21,4,-100,Event.NOTHING,State.HEALTHY
21,5,-100,Event.NOTHING,State.HEALTHY
21,6,-100,Event.NOTHING,State.HEALTHY
21,7,-100,Event.NOTHING,State.HEALTHY
21,8,-100,Event.NOTHING,State.HEALTHY
21,9,-100,Event.NOTHING,State.HEALTHY
22,0,-100,Event.NOTHING,State.INFECTED
22,1,-100,Event.NOTHING,State.INFECTED
22,2,-100,Event.NOTHING,State.HEALTHY
22,3,-100,Event.NOTHING,State.INFECTED
22,4,-100,Event.NOTHING,State.HEALTHY
22,5,-100,Event.NOTHING,State.HEALTHY
22,6,-100,Event.NOTHING,State.HEALTHY
22,7,-100,Event.NOTHING,State.HEALTHY
22,8,-100,Event.NOTHING,State.HEALTHY
22,9,-100,Event.NOTHING,State.HEALTHY
23,0,-100,Event.NOTHING,State.INFECTED
23,1,-100,Event.NOTHING,State.INFECTED
23,2,-100,Event.NOTHING,State.HEALTHY
23,3,-100,Event.NOTHING,State.INFECTED
23,4,-100,Event.NOTHING,State.HEALTHY
23,5,-100,Event.NOTHING,State.HEALTHY
23,6,-100,Event.NOTHING,State.HEALTHY
23,7,-100,Event.NOTHING,State.HEALTHY
23,8,-100,Event.NOTHING,State.HEALTHY
23,9,-100,Event.NOTHING,State.HEALTHY
24,0,-100,Event.NOTHING,State.INFECTED
24,1,-100,Event.NOTHING,State.INFECTED
24,2,-100,Event.NOTHING,State.HEALTHY
24,3,-100,Event.NOTHING,State.INFECTED
24,4,-100,Event.NOTHING,State.HEALTHY
24,5,-100,Event.NOTHING,State.HEALTHY
24,6,-100,Event.NOTHING,State.HEALTHY
24,7,-100,Event.NOTHING,State.HEALTHY
24,8,-100,Event.NOTHING,State.HEALTHY
24,9,-100,Event.NOTHING,State.HEALTHY
25,0,-100,Event.NOTHING,State.INFECTED
25,1,-100,Event.NOTHING,State.INFECTED
25,2,-100,Event.NOTHING,State.HEALTHY
25,3,-100,Event.NOTHING,State.INFECTED
25,4,-100,Event.NOTHING,State.HEALTHY
25,5,-100,Event.NOTHING,State.HEALTHY
25,6,-100,Event.NOTHING,State.HEALTHY
25,7,-100,Event.NOTHING,State.HEALTHY
25,8,-100,Event.NOTHING,State.HEALTHY
25,9,-100,Event.NOTHING,State.HEALTHY
26,0,-100,Event.NOTHING,State.INFECTED
26,1,-100,Event.NOTHING,State.INFECTED
26,2,-100,Event.NOTHING,State.HEALTHY
26,3,-100,Event.NOTHING,State.INFECTED
26,4,-100,Event.NOTHING,State.HEALTHY
26,5,-100,Event.NOTHING,State.HEALTHY
26,6,-100,Event.NOTHING,State.HEALTHY
26,7,-100,Event.NOTHING,State.HEALTHY
26,8,-100,Event.NOTHING,State.HEALTHY
26,9,0,Event.INFECT,State.INFECTED
27,0,-100,Event.NOTHING,State.INFECTED
27,1,-100,Event.NOTHING,State.INFECTED
27,2,-100,Event.NOTHING,State.HEALTHY
27,3,-100,Event.NOTHING,State.INFECTED
27,4,-100,Event.NOTHING,State.HEALTHY
27,5,-100,Event.NOTHING,State.HEALTHY
27,6,-100,Event.NOTHING,State.HEALTHY
27,7,-100,Event.NOTHING,State.HEALTHY
27,8,-100,Event.NOTHING,State.HEALTHY
27,9,-100,Event.NOTHING,State.INFECTED
28,0,-100,Event.NOTHING,State.INFECTED
28,1,-100,Event.NOTHING,State.INFECTED
28,2,-100,Event.NOTHING,State.HEALTHY
28,3,-100,Event.NOTHING,State.INFECTED
28,4,-100,Event.NOTHING,State.HEALTHY
28,5,-100,Event.NOTHING,State.HEALTHY
28,6,-100,Event.NOTHING,State.HEALTHY
28,7,-100,Event.NOTHING,State.HEALTHY
28,8,-100,Event.NOTHING,State.HEALTHY
28,9,-100,Event.NOTHING,State.INFECTED
29,0,-100,Event.NOTHING,State.INFECTED
29,1,-100,Event.NOTHING,State.INFECTED
29,2,-100,Event.NOTHING,State.HEALTHY
29,3,-100,Event.NOTHING,State.INFECTED
29,4,-100,Event.NOTHING,State.HEALTHY
29,5,-100,Event.NOTHING,State.HEALTHY
29,6,-100,Event.NOTHING,State.HEALTHY
29,7,-100,Event.NOTHING,State.HEALTHY
29,8,-100,Event.NOTHING,State.HEALTHY
29,9,-100,Event.NOTHING,State.INFECTED
30,0,-100,Event.NOTHING,State.INFECTED
30,1,-100,Event.NOTHING,State.INFECTED
30,2,-100,Event.NOTHING,State.HEALTHY
30,3,-100,Event.NOTHING,State.INFECTED
30,4,-100,Event.NOTHING,State.HEALTHY
30,5,-100,Event.NOTHING,State.HEALTHY
30,6,-100,Event.NOTHING,State.HEALTHY
30,7,-100,Event.NOTHING,State.HEALTHY
30,8,-100,Event.NOTHING,State.HEALTHY
30,9,-100,Event.NOTHING,State.INFECTED
31,0,-100,Event.NOTHING,State.INFECTED
31,1,-100,Event.NOTHING,State.INFECTED
31,2,-100,Event.NOTHING,State.HEALTHY
31,3,-100,Event.NOTHING,State.INFECTED
31,4,-100,Event.NOTHING,State.HEALTHY
31,5,-100,Event.NOTHING,State.HEALTHY
31,6,-100,Event.NOTHING,State.HEALTHY
31,7,-100,Event.NOTHING,State.HEALTHY
31,8,-100,Event.NOTHING,State.HEALTHY
31,9,-100,Event.NOTHING,State.INFECTED
32,0,-100,Event.NOTHING,State.INFECTED
32,1,-100,Event.NOTHING,State.INFECTED
32,2,-100,Event.NOTHING,State.HEALTHY
32,3,-100,Event.NOTHING,State.INFECTED
32,4,-100,Event.NOTHING,State.HEALTHY
32,5,-100,Event.NOTHING,State.HEALTHY
32,6,-100,Event.NOTHING,State.HEALTHY
32,7,-100,Event.NOTHING,State.HEALTHY
32,8,-100,Event.NOTHING,State.HEALTHY
32,9,-100,Event.NOTHING,State.INFECTED
33,0,-100,Event.NOTHING,State.INFECTED
33,1,-100,Event.NOTHING,State.INFECTED
33,2,3,Event.INFECT,State.INFECTED
33,3,-100,Event.NOTHING,State.INFECTED
33,4,-100,Event.NOTHING,State.HEALTHY
33,5,-100,Event.NOTHING,State.HEALTHY
33,6,-100,Event.NOTHING,State.HEALTHY
33,7,-100,Event.NOTHING,State.HEALTHY
33,8,-100,Event.NOTHING,State.HEALTHY
33,9,-100,Event.NOTHING,State.INFECTED
34,0,-100,Event.NOTHING,State.INFECTED
34,1,-100,Event.NOTHING,State.INFECTED
34,2,-100,Event.NOTHING,State.INFECTED
34,3,-100,Event.NOTHING,State.INFECTED
34,4,-100,Event.NOTHING,State.HEALTHY
34,5,-100,Event.NOTHING,State.HEALTHY
34,6,-100,Event.NOTHING,State.HEALTHY
34,7,-100,Event.NOTHING,State.HEALTHY
34,8,-100,Event.NOTHING,State.HEALTHY
34,9,-100,Event.NOTHING,State.INFECTED
35,0,-100,Event.NOTHING,State.INFECTED
35,1,-100,Event.NOTHING,State.INFECTED
35,2,-100,Event.NOTHING,State.INFECTED
35,3,-100,Event.NOTHING,State.INFECTED
35,4,-100,Event.NOTHING,State.HEALTHY
35,5,-100,Event.NOTHING,State.HEALTHY
35,6,-100,Event.NOTHING,State.HEALTHY
35,7,-100,Event.NOTHING,State.HEALTHY
35,8,-100,Event.NOTHING,State.HEALTHY
35,9,-100,Event.NOTHING,State.INFECTED
36,0,-100,Event.NOTHING,State.INFECTED
36,1,-100,Event.NOTHING,State.INFECTED
36,2,-100,Event.NOTHING,State.INFECTED
36,3,-100,Event.NOTHING,State.INFECTED
36,4,-100,Event.NOTHING,State.HEALTHY
36,5,-100,Event.NOTHING,State.HEALTHY
36,6,-100,Event.NOTHING,State.HEALTHY
36,7,-100,Event.NOTHING,State.HEALTHY
36,8,-100,Event.NOTHING,State.HEALTHY
36,9,-100,Event.NOTHING,State.INFECTED
37,0,-100,Event.NOTHING,State.INFECTED
37,1,-100,Event.NOTHING,State.INFECTED
37,2,-100,Event.NOTHING,State.INFECTED
37,3,-100,Event.NOTHING,State.INFECTED
37,4,0,Event.INFECT,State.INFECTED
37,5,-100,Event.NOTHING,State.HEALTHY
37,6,-100,Event.NOTHING,State.HEALTHY
37,7,-100,Event.NOTHING,State.HEALTHY
37,8,-100,Event.NOTHING,State.HEALTHY
37,9,-100,Event.NOTHING,State.INFECTED
38,0,-100,Event.NOTHING,State.INFECTED
38,1,-100,Event.NOTHING,State.INFECTED
38,2,-100,Event.NOTHING,State.INFECTED
38,3,-100,Event.NOTHING,State.INFECTED
38,4,-100,Event.NOTHING,State.INFECTED
38,5,-100,Event.NOTHING,State.HEALTHY
38,6,-100,Event.NOTHING,State.HEALTHY
38,7,-100,Event.NOTHING,State.HEALTHY
38,8,-100,Event.NOTHING,State.HEALTHY
38,9,-100,Event.NOTHING,State.INFECTED
39,0,-100,Event.NOTHING,State.INFECTED
39,1,-100,Event.NOTHING,State.INFECTED
39,2,-100,Event.NOTHING,State.INFECTED
39,3,-100,Event.NOTHING,State.INFECTED
39,4,-100,Event.NOTHING,State.INFECTED
39,5,-100,Event.NOTHING,State.HEALTHY
39,6,-100,Event.NOTHING,State.HEALTHY
39,7,-100,Event.NOTHING,State.HEALTHY
39,8,-100,Event.NOTHING,State.HEALTHY
39,9,-100,Event.NOTHING,State.INFECTED
40,0,-100,Event.NOTHING,State.INFECTED
40,1,-100,Event.NOTHING,State.INFECTED
40,2,-100,Event.NOTHING,State.INFECTED
40,3,-100,Event.NOTHING,State.INFECTED
40,4,-100,Event.NOTHING,State.INFECTED
40,5,-100,Event.NOTHING,State.HEALTHY
40,6,-100,Event.NOTHING,State.HEALTHY
40,7,-100,Event.NOTHING,State.HEALTHY
40,8,-100,Event.NOTHING,State.HEALTHY
40,9,-100,Event.NOTHING,State.INFECTED
41,0,-100,Event.NOTHING,State.INFECTED
41,1,-100,Event.NOTHING,State.INFECTED
41,2,-100,Event.NOTHING,State.INFECTED
41,3,-100,Event.NOTHING,State.INFECTED
41,4,-100,Event.NOTHING,State.INFECTED
41,5,-100,Event.NOTHING,State.HEALTHY
41,6,-100,Event.NOTHING,State.HEALTHY
41,7,-100,Event.NOTHING,State.HEALTHY
41,8,-100,Event.NOTHING,State.HEALTHY
41,9,-100,Event.NOTHING,State.INFECTED
42,0,-100,Event.NOTHING,State.INFECTED
42,1,-100,Event.NOTHING,State.INFECTED
42,2,-100,Event.NOTHING,State.INFECTED
42,3,-100,Event.NOTHING,State.INFECTED
42,4,-100,Event.NOTHING,State.INFECTED
42,5,-100,Event.NOTHING,State.HEALTHY
42,6,-100,Event.NOTHING,State.HEALTHY
42,7,-100,Event.NOTHING,State.HEALTHY
42,8,-100,Event.NOTHING,State.HEALTHY
42,9,-100,Event.NOTHING,State.INFECTED
43,0,-100,Event.NOTHING,State.INFECTED
43,1,-100,Event.NOTHING,State.INFECTED
43,2,-100,Event.NOTHING,State.INFECTED
43,3,-100,Event.NOTHING,State.INFECTED
43,4,-100,Event.NOTHING,State.INFECTED
43,5,-100,Event.NOTHING,State.HEALTHY
43,6,-100,Event.NOTHING,State.HEALTHY
43,7,-100,Event.NOTHING,State.HEALTHY
43,8,-100,Event.NOTHING,State.HEALTHY
43,9,-100,Event.NOTHING,State.INFECTED
44,0,-100,Event.NOTHING,State.INFECTED
44,1,-100,Event.NOTHING,State.INFECTED
44,2,-100,Event.NOTHING,State.INFECTED
44,3,-100,Event.NOTHING,State.INFECTED
44,4,-100,Event.NOTHING,State.INFECTED
44,5,-100,Event.NOTHING,State.HEALTHY
44,6,-100,Event.NOTHING,State.HEALTHY
44,7,-100,Event.NOTHING,State.HEALTHY
44,8,-100,Event.NOTHING,State.HEALTHY
44,9,-100,Event.NOTHING,State.INFECTED
45,0,-100,Event.NOTHING,State.INFECTED
45,1,-100,Event.NOTHING,State.INFECTED
45,2,-100,Event.NOTHING,State.INFECTED
45,3,-100,Event.NOTHING,State.INFECTED
45,4,-100,Event.NOTHING,State.INFECTED
45,5,-100,Event.NOTHING,State.HEALTHY
45,6,-100,Event.NOTHING,State.HEALTHY
45,7,-100,Event.NOTHING,State.HEALTHY
45,8,-100,Event.NOTHING,State.HEALTHY
45,9,-100,Event.NOTHING,State.INFECTED
46,0,-100,Event.NOTHING,State.INFECTED
46,1,-100,Event.NOTHING,State.INFECTED
46,2,-100,Event.NOTHING,State.INFECTED
46,3,-100,Event.NOTHING,State.INFECTED
46,4,-100,Event.NOTHING,State.INFECTED
46,5,0,Event.INFECT,State.INFECTED
46,6,-100,Event.NOTHING,State.HEALTHY
46,7,-100,Event.NOTHING,State.HEALTHY
46,8,-100,Event.NOTHING,State.HEALTHY
46,9,-100,Event.NOTHING,State.INFECTED
47,0,-100,Event.NOTHING,State.INFECTED
47,1,-100,Event.NOTHING,State.INFECTED
47,2,-100,Event.NOTHING,State.INFECTED
47,3,-100,Event.NOTHING,State.INFECTED
47,4,-100,Event.NOTHING,State.INFECTED
47,5,-100,Event.NOTHING,State.INFECTED
47,6,-100,Event.NOTHING,State.HEALTHY
47,7,-100,Event.NOTHING,State.HEALTHY
47,8,-100,Event.NOTHING,State.HEALTHY
47,9,-100,Event.NOTHING,State.INFECTED
48,0,-100,Event.NOTHING,State.INFECTED
48,1,-100,Event.NOTHING,State.INFECTED
48,2,-100,Event.NOTHING,State.INFECTED
48,3,-100,Event.NOTHING,State.INFECTED
48,4,-100,Event.NOTHING,State.INFECTED
48,5,-100,Event.NOTHING,State.INFECTED
48,6,-100,Event.NOTHING,State.HEALTHY
48,7,-100,Event.NOTHING,State.HEALTHY
48,8,-100,Event.NOTHING,State.HEALTHY
48,9,-100,Event.NOTHING,State.INFECTED
49,0,-100,Event.NOTHING,State.INFECTED
49,1,-100,Event.NOTHING,State.INFECTED
49,2,-100,Event.NOTHING,State.INFECTED
49,3,-100,Event.NOTHING,State.INFECTED
49,4,-100,Event.NOTHING,State.INFECTED
49,5,-100,Event.NOTHING,State.INFECTED
49,6,-100,Event.NOTHING,State.HEALTHY
49,7,-100,Event.NOTHING,State.HEALTHY
49,8,-100,Event.NOTHING,State.HEALTHY
49,9,-100,Event.NOTHING,State.INFECTED
50,0,-100,Event.NOTHING,State.INFECTED
50,1,-100,Event.NOTHING,State.INFECTED
50,2,-100,Event.NOTHING,State.INFECTED
50,3,-100,Event.NOTHING,State.INFECTED
50,4,-100,Event.NOTHING,State.INFECTED
50,5,-100,Event.NOTHING,State.INFECTED
50,6,-100,Event.NOTHING,State.HEALTHY
50,7,-100,Event.NOTHING,State.HEALTHY
50,8,-100,Event.NOTHING,State.HEALTHY
50,9,-100,Event.NOTHING,State.INFECTED
51,0,-100,Event.NOTHING,State.INFECTED
51,1,-100,Event.NOTHING,State.INFECTED
51,2,-100,Event.NOTHING,State.INFECTED
51,3,-100,Event.NOTHING,State.INFECTED
51,4,-100,Event.NOTHING,State.INFECTED
51,5,-100,Event.NOTHING,State.INFECTED
51,6,-100,Event.NOTHING,State.HEALTHY
51,7,-100,Event.NOTHING,State.HEALTHY
51,8,-100,Event.NOTHING,State.HEALTHY
51,9,-100,Event.NOTHING,State.INFECTED
52,0,-100,Event.NOTHING,State.INFECTED
52,1,-100,Event.NOTHING,State.INFECTED
52,2,-100,Event.NOTHING,State.INFECTED
52,3,-100,Event.NOTHING,State.INFECTED
52,4,-100,Event.NOTHING,State.INFECTED
52,5,-100,Event.NOTHING,State.INFECTED
52,6,-100,Event.NOTHING,State.HEALTHY
52,7,-100,Event.NOTHING,State.HEALTHY
52,8,-100,Event.NOTHING,State.HEALTHY
52,9,-100,Event.NOTHING,State.INFECTED
53,0,-100,Event.NOTHING,State.INFECTED
53,1,-100,Event.NOTHING,State.INFECTED
53,2,-100,Event.NOTHING,State.INFECTED
53,3,-100,Event.NOTHING,State.INFECTED
53,4,-100,Event.NOTHING,State.INFECTED
53,5,-100,Event.NOTHING,State.INFECTED
53,6,-100,Event.NOTHING,State.HEALTHY
53,7,-100,Event.NOTHING,State.HEALTHY
53,8,-100,Event.NOTHING,State.HEALTHY
53,9,-100,Event.NOTHING,State.INFECTED
54,0,-100,Event.NOTHING,State.INFECTED
54,1,-100,Event.NOTHING,State.INFECTED
54,2,-100,Event.NOTHING,State.INFECTED
54,3,-100,Event.NOTHING,State.INFECTED
54,4,-100,Event.NOTHING,State.INFECTED
54,5,-100,Event.NOTHING,State.INFECTED
54,6,-100,Event.NOTHING,State.HEALTHY
54,7,-100,Event.NOTHING,State.HEALTHY
54,8,-100,Event.NOTHING,State.HEALTHY
54,9,-100,Event.NOTHING,State.INFECTED
55,0,-100,Event.NOTHING,State.INFECTED
55,1,-100,Event.NOTHING,State.INFECTED
55,2,-100,Event.NOTHING,State.INFECTED
55,3,-100,Event.NOTHING,State.INFECTED
55,4,-100,Event.NOTHING,State.INFECTED
55,5,-100,Event.NOTHING,State.INFECTED
55,6,4,Event.INFECT,State.INFECTED
55,7,-100,Event.NOTHING,State.HEALTHY
55,8,-100,Event.NOTHING,State.HEALTHY
55,9,-100,Event.NOTHING,State.INFECTED
56,0,-100,Event.NOTHING,State.INFECTED
56,1,-100,Event.NOTHING,State.INFECTED
56,2,-100,Event.NOTHING,State.INFECTED
56,3,-100,Event.NOTHING,State.INFECTED
56,4,-100,Event.NOTHING,State.INFECTED
56,5,-100,Event.NOTHING,State.INFECTED
56,6,-100,Event.NOTHING,State.INFECTED
56,7,-100,Event.NOTHING,State.HEALTHY
56,8,-100,Event.NOTHING,State.HEALTHY
56,9,-100,Event.NOTHING,State.INFECTED
57,0,-100,Event.NOTHING,State.INFECTED
57,1,-100,Event.NOTHING,State.INFECTED
57,2,-100,Event.NOTHING,State.INFECTED
57,3,-100,Event.NOTHING,State.INFECTED
57,4,-100,Event.NOTHING,State.INFECTED
57,5,-100,Event.NOTHING,State.INFECTED
57,6,-100,Event.NOTHING,State.INFECTED
57,7,-100,Event.NOTHING,State.HEALTHY
57,8,-100,Event.NOTHING,State.HEALTHY
57,9,-100,Event.NOTHING,State.INFECTED
58,0,-100,Event.NOTHING,State.INFECTED
58,1,-100,Event.NOTHING,State.INFECTED
58,2,-100,Event.NOTHING,State.INFECTED
58,3,-100,Event.NOTHING,State.INFECTED
58,4,-100,Event.NOTHING,State.INFECTED
58,5,-100,Event.NOTHING,State.INFECTED
58,6,-100,Event.NOTHING,State.INFECTED
58,7,-100,Event.NOTHING,State.HEALTHY
58,8,-100,Event.NOTHING,State.HEALTHY
58,9,-100,Event.NOTHING,State.INFECTED
59,0,-100,Event.NOTHING,State.INFECTED
59,1,-100,Event.NOTHING,State.INFECTED
59,2,-100,Event.NOTHING,State.INFECTED
59,3,-100,Event.NOTHING,State.INFECTED
59,4,-100,Event.NOTHING,State.INFECTED
59,5,-100,Event.NOTHING,State.INFECTED
59,6,-100,Event.NOTHING,State.INFECTED
59,7,-100,Event.NOTHING,State.HEALTHY
59,8,-100,Event.NOTHING,State.HEALTHY
59,9,-100,Event.NOTHING,State.INFECTED
60,0,-100,Event.NOTHING,State.INFECTED
60,1,-100,Event.NOTHING,State.INFECTED
60,2,-100,Event.NOTHING,State.INFECTED
60,3,-100,Event.NOTHING,State.INFECTED
60,4,-100,Event.NOTHING,State.INFECTED
60,5,-100,Event.NOTHING,State.INFECTED
60,6,-100,Event.NOTHING,State.INFECTED
60,7,-100,Event.NOTHING,State.HEALTHY
60,8,-100,Event.NOTHING,State.HEALTHY
60,9,-100,Event.NOTHING,State.INFECTED
61,0,-100,Event.NOTHING,State.INFECTED
61,1,-100,Event.NOTHING,State.INFECTED
61,2,-100,Event.NOTHING,State.INFECTED
61,3,-100,Event.NOTHING,State.INFECTED
61,4,-100,Event.NOTHING,State.INFECTED
61,5,-100,Event.NOTHING,State.INFECTED
61,6,-100,Event.NOTHING,State.INFECTED
61,7,-100,Event.NOTHING,State.HEALTHY
61,8,-100,Event.NOTHING,State.HEALTHY
61,9,-100,Event.NOTHING,State.INFECTED
62,0,-100,Event.NOTHING,State.INFECTED
62,1,-100,Event.NOTHING,State.INFECTED
62,2,-100,Event.NOTHING,State.INFECTED
62,3,-100,Event.NOTHING,State.INFECTED
62,4,-100,Event.NOTHING,State.INFECTED
62,5,-100,Event.NOTHING,State.INFECTED
62,6,-100,Event.NOTHING,State.INFECTED
62,7,-100,Event.NOTHING,State.HEALTHY
62,8,-100,Event.NOTHING,State.HEALTHY
62,9,-100,Event.NOTHING,State.INFECTED
63,0,-100,Event.NOTHING,State.INFECTED
63,1,-100,Event.NOTHING,State.INFECTED
63,2,-100,Event.NOTHING,State.INFECTED
63,3,-100,Event.NOTHING,State.INFECTED
63,4,-100,Event.NOTHING,State.INFECTED
63,5,-100,Event.NOTHING,State.INFECTED
63,6,-100,Event.NOTHING,State.INFECTED
63,7,-100,Event.NOTHING,State.HEALTHY
63,8,-100,Event.NOTHING,State.HEALTHY
63,9,-100,Event.NOTHING,State.INFECTED
64,0,-100,Event.NOTHING,State.INFECTED
64,1,-100,Event.NOTHING,State.INFECTED
64,2,-100,Event.NOTHING,State.INFECTED
64,3,-100,Event.NOTHING,State.INFECTED
64,4,-100,Event.NOTHING,State.INFECTED
64,5,-100,Event.NOTHING,State.INFECTED
64,6,-100,Event.NOTHING,State.INFECTED
64,7,-100,Event.NOTHING,State.HEALTHY
64,8,-100,Event.NOTHING,State.HEALTHY
64,9,-100,Event.NOTHING,State.INFECTED
65,0,-100,Event.NOTHING,State.INFECTED
65,1,-100,Event.NOTHING,State.INFECTED
65,2,-100,Event.NOTHING,State.INFECTED
65,3,-100,Event.NOTHING,State.INFECTED
65,4,-100,Event.NOTHING,State.INFECTED
65,5,-100,Event.NOTHING,State.INFECTED
65,6,-100,Event.NOTHING,State.INFECTED
65,7,-100,Event.NOTHING,State.HEALTHY
65,8,-100,Event.NOTHING,State.HEALTHY
65,9,-100,Event.NOTHING,State.INFECTED
66,0,-100,Event.NOTHING,State.INFECTED
66,1,-100,Event.NOTHING,State.INFECTED
66,2,-100,Event.NOTHING,State.INFECTED
66,3,-100,Event.NOTHING,State.INFECTED
66,4,-100,Event.NOTHING,State.INFECTED
66,5,-100,Event.NOTHING,State.INFECTED
66,6,-100,Event.NOTHING,State.INFECTED
66,7,2,Event.INFECT,State.INFECTED
66,8,-100,Event.NOTHING,State.HEALTHY
66,9,-100,Event.NOTHING,State.INFECTED
67,0,-100,Event.NOTHING,State.INFECTED
67,1,-100,Event.NOTHING,State.INFECTED
67,2,-100,Event.NOTHING,State.INFECTED
67,3,-100,Event.NOTHING,State.INFECTED
67,4,-100,Event.NOTHING,State.INFECTED
67,5,-100,Event.NOTHING,State.INFECTED
67,6,-100,Event.NOTHING,State.INFECTED
67,7,-100,Event.NOTHING,State.INFECTED
67,8,-100,Event.NOTHING,State.HEALTHY
67,9,-100,Event.NOTHING,State.INFECTED
68,0,-100,Event.NOTHING,State.INFECTED
68,1,-100,Event.NOTHING,State.INFECTED
68,2,-100,Event.NOTHING,State.INFECTED
68,3,-100,Event.NOTHING,State.INFECTED
68,4,-100,Event.NOTHING,State.INFECTED
68,5,-100,Event.NOTHING,State.INFECTED
68,6,-100,Event.NOTHING,State.INFECTED
68,7,-100,Event.NOTHING,State.INFECTED
68,8,-100,Event.NOTHING,State.HEALTHY
68,9,-100,Event.NOTHING,State.INFECTED
69,0,-100,Event.NOTHING,State.INFECTED
69,1,-100,Event.NOTHING,State.INFECTED
69,2,-100,Event.NOTHING,State.INFECTED
69,3,-100,Event.NOTHING,State.INFECTED
69,4,-100,Event.NOTHING,State.INFECTED
69,5,-100,Event.NOTHING,State.INFECTED
69,6,-100,Event.NOTHING,State.INFECTED
69,7,-100,Event.NOTHING,State.INFECTED
69,8,-100,Event.NOTHING,State.HEALTHY
69,9,-100,Event.NOTHING,State.INFECTED
70,0,-100,Event.NOTHING,State.INFECTED
70,1,-100,Event.NOTHING,State.INFECTED
70,2,-100,Event.NOTHING,State.INFECTED
70,3,-100,Event.NOTHING,State.INFECTED
70,4,-100,Event.NOTHING,State.INFECTED
70,5,-100,Event.NOTHING,State.INFECTED
70,6,-100,Event.NOTHING,State.INFECTED
70,7,-100,Event.NOTHING,State.INFECTED
70,8,-100,Event.NOTHING,State.HEALTHY
70,9,-100,Event.NOTHING,State.INFECTED
71,0,-100,Event.NOTHING,State.INFECTED
71,1,-100,Event.NOTHING,State.INFECTED
71,2,-100,Event.NOTHING,State.INFECTED
71,3,-100,Event.NOTHING,State.INFECTED
71,4,-100,Event.NOTHING,State.INFECTED
71,5,-100,Event.NOTHING,State.INFECTED
71,6,-100,Event.NOTHING,State.INFECTED
71,7,-100,Event.NOTHING,State.INFECTED
71,8,-100,Event.NOTHING,State.HEALTHY
71,9,-100,Event.NOTHING,State.INFECTED
72,0,-100,Event.NOTHING,State.INFECTED
72,1,-100,Event.NOTHING,State.INFECTED
72,2,-100,Event.NOTHING,State.INFECTED
72,3,-100,Event.NOTHING,State.INFECTED
72,4,-100,Event.NOTHING,State.INFECTED
72,5,-100,Event.NOTHING,State.INFECTED
72,6,-100,Event.NOTHING,State.INFECTED
72,7,-100,Event.NOTHING,State.INFECTED
72,8,-100,Event.NOTHING,State.HEALTHY
72,9,-100,Event.NOTHING,State.INFECTED
73,0,-100,Event.NOTHING,State.INFECTED
73,1,-100,Event.NOTHING,State.INFECTED
73,2,-100,Event.NOTHING,State.INFECTED
73,3,-100,Event.NOTHING,State.INFECTED
73,4,-100,Event.NOTHING,State.INFECTED
73,5,-100,Event.NOTHING,State.INFECTED
73,6,-100,Event.NOTHING,State.INFECTED
73,7,-100,Event.NOTHING,State.INFECTED
73,8,-100,Event.NOTHING,State.HEALTHY
73,9,-100,Event.NOTHING,State.INFECTED
74,0,-100,Event.NOTHING,State.INFECTED
74,1,-100,Event.NOTHING,State.INFECTED
74,2,-100,Event.NOTHING,State.INFECTED
74,3,-100,Event.NOTHING,State.INFECTED
74,4,-100,Event.NOTHING,State.INFECTED
74,5,-100,Event.NOTHING,State.INFECTED
74,6,-100,Event.NOTHING,State.INFECTED
74,7,-100,Event.NOTHING,State.INFECTED
74,8,-100,Event.NOTHING,State.HEALTHY
74,9,-100,Event.NOTHING,State.INFECTED
75,0,-100,Event.NOTHING,State.INFECTED
75,1,-100,Event.NOTHING,State.INFECTED
75,2,-100,Event.NOTHING,State.INFECTED
75,3,-100,Event.NOTHING,State.INFECTED
75,4,-100,Event.NOTHING,State.INFECTED
75,5,-100,Event.NOTHING,State.INFECTED
75,6,-100,Event.NOTHING,State.INFECTED
75,7,-100,Event.NOTHING,State.INFECTED
75,8,-100,Event.NOTHING,State.HEALTHY
75,9,-100,Event.NOTHING,State.INFECTED
76,0,-100,Event.NOTHING,State.INFECTED
76,1,-100,Event.NOTHING,State.INFECTED
76,2,-100,Event.NOTHING,State.INFECTED
76,3,-100,Event.NOTHING,State.INFECTED
76,4,-100,Event.NOTHING,State.INFECTED
76,5,-100,Event.NOTHING,State.INFECTED
76,6,-100,Event.NOTHING,State.INFECTED
76,7,-100,Event.NOTHING,State.INFECTED
76,8,-100,Event.NOTHING,State.HEALTHY
76,9,-100,Event.NOTHING,State.INFECTED
77,0,-100,Event.NOTHING,State.INFECTED
77,1,-100,Event.NOTHING,State.INFECTED
77,2,-100,Event.NOTHING,State.INFECTED
77,3,-100,Event.NOTHING,State.INFECTED
77,4,-100,Event.NOTHING,State.INFECTED
77,5,-100,Event.NOTHING,State.INFECTED
77,6,-100,Event.NOTHING,State.INFECTED
77,7,-100,Event.NOTHING,State.INFECTED
77,8,-100,Event.NOTHING,State.HEALTHY
77,9,-100,Event.NOTHING,State.INFECTED
78,0,-100,Event.NOTHING,State.INFECTED
78,1,-100,Event.NOTHING,State.INFECTED
78,2,-100,Event.NOTHING,State.INFECTED
78,3,-100,Event.NOTHING,State.INFECTED
78,4,-100,Event.NOTHING,State.INFECTED
78,5,-100,Event.NOTHING,State.INFECTED
78,6,-100,Event.NOTHING,State.INFECTED
78,7,-100,Event.NOTHING,State.INFECTED
78,8,-100,Event.NOTHING,State.HEALTHY
78,9,-100,Event.NOTHING,State.INFECTED
79,0,-100,Event.NOTHING,State.INFECTED
79,1,-100,Event.NOTHING,State.INFECTED
79,2,-100,Event.NOTHING,State.INFECTED
79,3,-100,Event.NOTHING,State.INFECTED
79,4,-100,Event.NOTHING,State.INFECTED
79,5,-100,Event.NOTHING,State.INFECTED
79,6,-100,Event.NOTHING,State.INFECTED
79,7,-100,Event.NOTHING,State.INFECTED
79,8,1,Event.INFECT,State.INFECTED
79,9,-100,Event.NOTHING,State.INFECTED
80,0,-100,Event.NOTHING,State.INFECTED
80,1,-100,Event.NOTHING,State.INFECTED
80,2,-100,Event.NOTHING,State.INFECTED
80,3,-100,Event.NOTHING,State.INFECTED
80,4,-100,Event.NOTHING,State.INFECTED
80,5,-100,Event.NOTHING,State.INFECTED
80,6,-100,Event.NOTHING,State.INFECTED
80,7,-100,Event.NOTHING,State.INFECTED
80,8,-100,Event.NOTHING,State.INFECTED
80,9,-100,Event.NOTHING,State.INFECTED
81,0,-100,Event.NOTHING,State.INFECTED
81,1,-100,Event.NOTHING,State.INFECTED
81,2,-100,Event.NOTHING,State.INFECTED
81,3,-100,Event.NOTHING,State.INFECTED
81,4,-100,Event.NOTHING,State.INFECTED
81,5,-100,Event.NOTHING,State.INFECTED
81,6,-100,Event.NOTHING,State.INFECTED
81,7,-100,Event.NOTHING,State.INFECTED
81,8,-100,Event.NOTHING,State.INFECTED
81,9,-100,Event.NOTHING,State.INFECTED
82,0,-100,Event.NOTHING,State.INFECTED
82,1,-100,Event.NOTHING,State.INFECTED
82,2,-100,Event.NOTHING,State.INFECTED
82,3,-100,Event.NOTHING,State.INFECTED
82,4,-100,Event.NOTHING,State.INFECTED
82,5,-100,Event.NOTHING,State.INFECTED
82,6,-100,Event.NOTHING,State.INFECTED
82,7,-100,Event.NOTHING,State.INFECTED
82,8,-100,Event.NOTHING,State.INFECTED
82,9,-100,Event.NOTHING,State.INFECTED
83,0,-100,Event.NOTHING,State.INFECTED
83,1,-100,Event.NOTHING,State.INFECTED
83,2,-100,Event.NOTHING,State.INFECTED
83,3,-100,Event.NOTHING,State.INFECTED
83,4,-100,Event.NOTHING,State.INFECTED
83,5,-100,Event.NOTHING,State.INFECTED
83,6,-100,Event.NOTHING,State.INFECTED
83,7,-100,Event.NOTHING,State.INFECTED
83,8,-100,Event.NOTHING,State.INFECTED
83,9,-100,Event.NOTHING,State.INFECTED
84,0,-100,Event.NOTHING,State.INFECTED
84,1,-100,Event.NOTHING,State.INFECTED
84,2,-100,Event.NOTHING,State.INFECTED
84,3,-100,Event.NOTHING,State.INFECTED
84,4,-100,Event.NOTHING,State.INFECTED
84,5,-100,Event.NOTHING,State.INFECTED
84,6,-100,Event.NOTHING,State.INFECTED
84,7,-100,Event.NOTHING,State.INFECTED
84,8,-100,Event.NOTHING,State.INFECTED
84,9,-100,Event.NOTHING,State.INFECTED
85,0,-100,Event.NOTHING,State.INFECTED
85,1,-100,Event.NOTHING,State.INFECTED
85,2,-100,Event.NOTHING,State.INFECTED
85,3,-100,Event.NOTHING,State.INFECTED
85,4,-100,Event.NOTHING,State.INFECTED
85,5,-100,Event.NOTHING,State.INFECTED
85,6,-100,Event.NOTHING,State.INFECTED
85,7,-100,Event.NOTHING,State.INFECTED
85,8,-100,Event.NOTHING,State.INFECTED
85,9,-100,Event.NOTHING,State.INFECTED
86,0,-100,Event.NOTHING,State.INFECTED
86,1,-100,Event.NOTHING,State.INFECTED
86,2,-100,Event.NOTHING,State.INFECTED
86,3,-100,Event.NOTHING,State.INFECTED
86,4,-100,Event.NOTHING,State.INFECTED
86,5,-100,Event.NOTHING,State.INFECTED
86,6,-100,Event.NOTHING,State.INFECTED
86,7,-100,Event.NOTHING,State.INFECTED
86,8,-100,Event.NOTHING,State.INFECTED
86,9,-100,Event.NOTHING,State.INFECTED
87,0,-100,Event.NOTHING,State.INFECTED
87,1,-100,Event.NOTHING,State.INFECTED
87,2,-100,Event.NOTHING,State.INFECTED
87,3,-100,Event.NOTHING,State.INFECTED
87,4,-100,Event.NOTHING,State.INFECTED
87,5,-100,Event.NOTHING,State.INFECTED
87,6,-100,Event.NOTHING,State.INFECTED
87,7,-100,Event.NOTHING,State.INFECTED
87,8,-100,Event.NOTHING,State.INFECTED
87,9,-100,Event.NOTHING,State.INFECTED
88,0,-100,Event.NOTHING,State.INFECTED
88,1,-100,Event.NOTHING,State.INFECTED
88,2,-100,Event.NOTHING,State.INFECTED
88,3,-100,Event.NOTHING,State.INFECTED
88,4,-100,Event.NOTHING,State.INFECTED
88,5,-100,Event.NOTHING,State.INFECTED
88,6,-100,Event.NOTHING,State.INFECTED
88,7,-100,Event.NOTHING,State.INFECTED
88,8,-100,Event.NOTHING,State.INFECTED
88,9,-100,Event.NOTHING,State.INFECTED
89,0,-100,Event.NOTHING,State.INFECTED
89,1,-100,Event.NOTHING,State.INFECTED
89,2,-100,Event.NOTHING,State.INFECTED
89,3,-100,Event.NOTHING,State.INFECTED
89,4,-100,Event.NOTHING,State.INFECTED
89,5,-100,Event.NOTHING,State.INFECTED
89,6,-100,Event.NOTHING,State.INFECTED
89,7,-100,Event.NOTHING,State.INFECTED
89,8,-100,Event.NOTHING,State.INFECTED
89,9,-100,Event.NOTHING,State.INFECTED
90,0,-100,Event.NOTHING,State.INFECTED
90,1,-100,Event.NOTHING,State.INFECTED
90,2,-100,Event.NOTHING,State.INFECTED
90,3,-100,Event.NOTHING,State.INFECTED
90,4,-100,Event.NOTHING,State.INFECTED
90,5,-100,Event.NOTHING,State.INFECTED
90,6,-100,Event.NOTHING,State.INFECTED
90,7,-100,Event.NOTHING,State.INFECTED
90,8,-100,Event.NOTHING,State.INFECTED
90,9,-100,Event.NOTHING,State.INFECTED
91,0,-100,Event.NOTHING,State.INFECTED
91,1,-100,Event.NOTHING,State.INFECTED
91,2,-100,Event.NOTHING,State.INFECTED
91,3,-100,Event.NOTHING,State.INFECTED
91,4,-100,Event.NOTHING,State.INFECTED
91,5,-100,Event.NOTHING,State.INFECTED
91,6,-100,Event.NOTHING,State.INFECTED
91,7,-100,Event.NOTHING,State.INFECTED
91,8,-100,Event.NOTHING,State.INFECTED
91,9,-100,Event.NOTHING,State.INFECTED
92,0,-100,Event.NOTHING,State.INFECTED
92,1,-100,Event.NOTHING,State.INFECTED
92,2,-100,Event.NOTHING,State.INFECTED
92,3,-100,Event.NOTHING,State.INFECTED
92,4,-100,Event.NOTHING,State.INFECTED
92,5,-100,Event.NOTHING,State.INFECTED
92,6,-100,Event.NOTHING,State.INFECTED
92,7,-100,Event.NOTHING,State.INFECTED
92,8,-100,Event.NOTHING,State.INFECTED
92,9,-100,Event.NOTHING,State.INFECTED
93,0,-100,Event.NOTHING,State.INFECTED
93,1,-100,Event.NOTHING,State.INFECTED
93,2,-100,Event.NOTHING,State.INFECTED
93,3,-100,Event.NOTHING,State.INFECTED
93,4,-100,Event.NOTHING,State.INFECTED
93,5,-100,Event.NOTHING,State.INFECTED
93,6,-100,Event.NOTHING,State.INFECTED
93,7,-100,Event.NOTHING,State.INFECTED
93,8,-100,Event.NOTHING,State.INFECTED
93,9,-100,Event.NOTHING,State.INFECTED
94,0,-100,Event.NOTHING,State.INFECTED
94,1,-100,Event.NOTHING,State.INFECTED
94,2,-100,Event.NOTHING,State.INFECTED
94,3,-100,Event.NOTHING,State.INFECTED
94,4,-100,Event.NOTHING,State.INFECTED
94,5,-100,Event.NOTHING,State.INFECTED
94,6,-100,Event.NOTHING,State.INFECTED
94,7,-100,Event.NOTHING,State.INFECTED
94,8,-100,Event.NOTHING,State.INFECTED
94,9,-100,Event.NOTHING,State.INFECTED
95,0,-100,Event.NOTHING,State.INFECTED
95,1,-100,Event.NOTHING,State.INFECTED
95,2,-100,Event.NOTHING,State.INFECTED
95,3,-100,Event.NOTHING,State.INFECTED
95,4,-100,Event.NOTHING,State.INFECTED
95,5,-100,Event.NOTHING,State.INFECTED
95,6,-100,Event.NOTHING,State.INFECTED
95,7,-100,Event.NOTHING,State.INFECTED
95,8,-100,Event.NOTHING,State.INFECTED
95,9,-100,Event.NOTHING,State.INFECTED
96,0,-100,Event.NOTHING,State.INFECTED
96,1,-100,Event.NOTHING,State.INFECTED
96,2,-100,Event.NOTHING,State.INFECTED
96,3,-100,Event.NOTHING,State.INFECTED
96,4,-100,Event.NOTHING,State.INFECTED
96,5,-100,Event.NOTHING,State.INFECTED
96,6,-100,Event.NOTHING,State.INFECTED
96,7,-100,Event.NOTHING,State.INFECTED
96,8,-100,Event.NOTHING,State.INFECTED
96,9,-100,Event.NOTHING,State.INFECTED
97,0,-100,Event.NOTHING,State.INFECTED
97,1,-100,Event.NOTHING,State.INFECTED
97,2,-100,Event.NOTHING,State.INFECTED
97,3,-100,Event.NOTHING,State.INFECTED
97,4,-100,Event.NOTHING,State.INFECTED
97,5,-100,Event.NOTHING,State.INFECTED
97,6,-100,Event.NOTHING,State.INFECTED
97,7,-100,Event.NOTHING,State.INFECTED
97,8,-100,Event.NOTHING,State.INFECTED
97,9,-100,Event.NOTHING,State.INFECTED
98,0,-100,Event.NOTHING,State.INFECTED
98,1,-100,Event.NOTHING,State.INFECTED
98,2,-100,Event.NOTHING,State.INFECTED
98,3,-100,Event.NOTHING,State.INFECTED
98,4,-100,Event.NOTHING,State.INFECTED
98,5,-100,Event.NOTHING,State.INFECTED
98,6,-100,Event.NOTHING,State.INFECTED
98,7,-100,Event.NOTHING,State.INFECTED
98,8,-100,Event.NOTHING,State.INFECTED
98,9,-100,Event.NOTHING,State.INFECTED
99,0,-100,Event.NOTHING,State.INFECTED
99,1,-100,Event.NOTHING,State.INFECTED
99,2,-100,Event.NOTHING,State.INFECTED
99,3,-100,Event.NOTHING,State.INFECTED
99,4,-100,Event.NOTHING,State.INFECTED
99,5,-100,Event.NOTHING,State.INFECTED
99,6,-100,Event.NOTHING,State.INFECTED
99,7,-100,Event.NOTHING,State.INFECTED
99,8,-100,Event.NOTHING,State.INFECTED
99,9,-100,Event.NOTHING,State.INFECTED
